timestamp,sp500_Close,bitcoin_Close,gold_Close,treasury_3m,treasury_10y,oil_price,Unemployment,Copper
2022-01-03,477.71,46446.1,18.54,0.08,1.63,54.83,4.0,4.4145002365112305
2022-01-04,477.55,45832.01,18.73,0.08,1.66,55.59,4.0,4.466000080108643
2022-01-05,468.38,43451.13,18.57,0.09,1.71,55.43,4.0,4.4045000076293945
2022-01-06,467.94,43082.31,18.02,0.10,1.73,56.89,4.0,4.3480000495910645
2022-01-07,466.09,41566.48,18.1,0.10,1.76,56.67,4.0,4.4029998779296875
2022-01-10,465.51,41822.49,18.62,0.13,1.78,56.16,4.0,4.3445000648498535
2022-01-11,469.75,42729.29,18.86,0.11,1.75,58.16,4.0,4.420499801635742
2022-01-12,471.02,43902.66,19.2,0.12,1.74,58.91,4.0,4.564000129699707
2022-01-13,464.53,42560.11,18.83,0.12,1.70,58.27,4.0,4.533999919891357
2022-01-14,464.72,43059.96,18.68,0.13,1.78,59.97,4.0,4.411499977111816
2022-01-18,456.49,42352.12,18.56,0.16,1.87,60.97,4.0,4.375999927520752
2022-01-19,451.75,41660.01,20.17,0.17,1.83,61.05,4.0,4.462500095367432
2022-01-20,446.75,40680.91,19.91,0.17,1.83,60.66,4.0,4.576499938964844
2022-01-21,437.98,36445.31,19.34,0.17,1.75,60.78,4.0,4.512499809265137
2022-01-24,439.84,36660.35,19.37,0.19,1.75,60.11,4.0,4.4029998779296875
2022-01-25,434.47,36958.32,19.49,0.19,1.78,60.97,4.0,4.442999839782715
2022-01-26,433.38,36809.34,19.03,0.19,1.85,61.68,4.0,4.504499912261963
2022-01-27,431.24,37160.1,18.71,0.20,1.81,61.86,4.0,4.413000106811523
2022-01-28,441.95,37716.56,18.56,0.19,1.78,61.97,4.0,4.302999973297119
2022-01-31,449.91,38466.9,19.15,0.22,1.79,62.48,4.0,4.317999839782715
2022-02-01,452.95,38694.59,19.09,0.19,1.81,62.53,3.8,4.428999900817871
2022-02-02,457.35,36896.36,19.22,0.19,1.78,62.52,3.8,4.491000175476074
2022-02-03,446.6,37311.61,19.06,0.20,1.82,63.51,3.8,4.4664998054504395
2022-02-04,448.7,41574.25,19.19,0.23,1.93,64.91,3.8,4.483500003814697
2022-02-07,447.26,43839.99,19.58,0.27,1.92,64.68,3.8,4.46150016784668
2022-02-08,450.94,44042.99,19.82,0.25,1.96,63.62,3.8,4.459499835968018
2022-02-09,457.54,44372.72,19.73,0.26,1.94,64.17,3.8,4.600500106811523
2022-02-10,449.32,43495.44,19.3,0.40,2.03,63.96,3.8,4.65749979019165
2022-02-11,440.46,42373.73,20.68,0.36,1.92,65.74,3.8,4.505000114440918
2022-02-14,439.02,42535.94,21.09,0.43,1.98,66.36,3.8,4.507500171661377
2022-02-15,446.1,44544.86,20.68,0.40,2.05,64.28,3.8,4.531499862670898
2022-02-16,446.6,43873.56,22.23,0.38,2.03,63.54,3.8,4.540500164031982
2022-02-17,437.06,40515.7,23.23,0.36,1.97,64.17,3.8,4.525000095367432
2022-02-18,434.23,39974.44,23.14,0.35,1.92,64.74,3.8,4.519499778747559
2022-02-22,429.57,38230.33,22.76,0.37,1.94,65.54,3.8,4.510000228881836
2022-02-23,421.95,37250.01,22.83,0.34,1.99,66.24,3.8,4.481500148773193
2022-02-24,428.3,38327.21,22.54,0.32,1.96,66.34,3.8,4.453999996185303
2022-02-25,437.75,39219.17,22.56,0.33,1.97,65.8,3.8,4.4720001220703125
2022-02-28,436.63,43160.0,22.57,0.35,1.83,67.48,3.8,4.444499969482422
2022-03-01,429.98,44421.2,23.46,0.32,1.72,71.82,3.7,4.58650016784668
2022-03-02,437.89,43892.98,23.15,0.34,1.86,75.42,3.7,4.6554999351501465
2022-03-03,435.71,42454.0,23.57,0.38,1.86,74.53,3.7,4.771500110626221
2022-03-04,432.17,39148.66,24.2,0.34,1.74,79.46,3.7,4.928999900817871
2022-03-07,419.43,37988.0,24.86,0.38,1.78,82.37,3.7,4.7220001220703125
2022-03-08,416.25,38730.63,25.36,0.36,1.86,85.43,3.7,4.700500011444092
2022-03-09,427.41,41941.71,24.33,0.38,1.94,75.47,3.7,4.564000129699707
2022-03-10,425.48,39422.0,24.49,0.39,1.98,74.06,3.7,4.643499851226807
2022-03-11,420.07,38729.57,24.35,0.40,2.00,76.4,3.7,4.616000175476074
2022-03-14,417.0,39671.37,23.64,0.45,2.14,72.84,3.7,4.512499809265137
2022-03-15,426.17,39280.33,23.77,0.46,2.15,68.63,3.7,4.501500129699707
2022-03-16,435.62,41114.0,23.61,0.44,2.19,68.28,3.7,4.5879998207092285
2022-03-17,441.07,40917.9,24.08,0.40,2.20,73.68,3.7,4.690499782562256
2022-03-18,444.52,41757.51,23.87,0.42,2.14,74.64,3.7,4.730500221252441
2022-03-21,444.39,41002.25,24.3,0.54,2.32,79.54,3.7,4.701499938964844
2022-03-22,449.59,42364.13,24.23,0.51,2.38,78.56,3.7,4.689000129699707
2022-03-23,443.8,42882.76,24.57,0.50,2.32,81.95,3.7,4.762499809265137
2022-03-24,450.49,43991.46,24.5,0.52,2.34,79.75,3.7,4.729000091552734
2022-03-25,452.69,44313.16,24.54,0.55,2.48,80.74,3.7,4.685999870300293
2022-03-28,455.91,47122.21,24.23,0.59,2.46,74.53,3.7,4.714000225067139
2022-03-29,461.55,47434.8,24.53,0.55,2.41,76.15,3.7,4.7164998054504395
2022-03-30,458.7,47067.99,24.85,0.55,2.35,77.91,3.7,4.739500045776367
2022-03-31,451.64,45510.34,24.53,0.52,2.32,74.12,3.7,4.743000030517578
2022-04-01,452.92,46283.49,24.94,0.53,2.39,74.17,3.7,4.682499885559082
2022-04-04,456.8,46580.51,24.86,0.66,2.42,76.86,3.7,4.776500225067139
2022-04-05,451.03,45497.55,24.46,0.65,2.54,74.8,3.7,4.790999889373779
2022-04-06,446.52,43170.47,24.61,0.67,2.61,73.05,3.7,4.733500003814697
2022-04-07,448.77,43444.19,24.9,0.68,2.66,73.11,3.7,4.695000171661377
2022-04-08,447.57,42252.01,25.41,0.70,2.72,74.11,3.7,4.71999979019165
2022-04-11,439.92,39530.45,25.4,0.77,2.79,72.3,3.7,4.628499984741211
2022-04-12,438.29,40074.94,25.44,0.74,2.72,75.98,3.7,4.703999996185303
2022-04-13,443.31,41147.79,25.58,0.75,2.70,78.42,3.7,4.706999778747559
2022-04-14,437.79,39942.38,25.2,0.79,2.83,79.57,3.7,4.7170000076293945
2022-04-18,437.97,40801.13,25.38,0.81,2.85,80.41,3.7,4.796000003814697
2022-04-19,445.04,41493.18,25.01,0.81,2.93,76.86,3.7,4.714000225067139
2022-04-20,444.71,41358.19,25.25,0.82,2.85,77.24,3.7,4.649499893188477
2022-04-21,438.06,40480.01,24.22,0.83,2.90,78.12,3.7,4.703499794006348
2022-04-22,426.04,39709.18,23.73,0.83,2.90,76.31,3.7,4.582499980926514
2022-04-25,428.51,40426.08,22.73,0.91,2.81,74.65,3.7,4.448999881744385
2022-04-26,416.1,38112.65,22.37,0.83,2.77,76.46,3.7,4.440000057220459
2022-04-27,417.27,39235.72,22.24,0.82,2.82,76.37,3.7,4.454500198364258
2022-04-28,427.81,39742.07,22.43,0.82,2.85,78.08,3.7,4.41349983215332
2022-04-29,412.0,38596.11,22.31,0.85,2.89,77.16,3.7,4.394999980926514
2022-05-02,414.48,38525.16,22.16,0.90,2.99,78.38,3.6,4.255499839782715
2022-05-03,416.38,37728.95,22.41,0.91,2.97,76.69,3.6,4.270999908447266
2022-05-04,429.06,39690.0,23.19,0.89,2.93,80.22,3.6,4.328499794006348
2022-05-05,413.81,36552.97,22.56,0.85,3.05,80.48,3.6,4.284999847412109
2022-05-06,411.34,36013.77,22.42,0.85,3.12,82.13,3.6,4.261499881744385
2022-05-09,398.17,30076.31,21.49,0.92,3.05,76.57,3.6,4.192999839782715
2022-05-10,399.09,31017.1,21.29,0.89,2.99,74.53,3.6,4.1545000076293945
2022-05-11,392.75,29103.94,21.23,0.91,2.91,78.18,3.6,4.212500095367432
2022-05-12,392.34,29029.75,20.34,0.96,2.84,79.23,3.6,4.105000019073486
2022-05-13,401.72,29287.05,20.43,1.03,2.93,81.28,3.6,4.180500030517578
2022-05-16,400.09,29874.01,20.52,1.07,2.88,83.11,3.6,4.196499824523926
2022-05-17,408.32,30444.93,20.47,1.06,2.98,81.11,3.6,4.239500045776367
2022-05-18,391.86,28715.32,19.75,1.03,2.89,79.29,3.6,4.182000160217285
2022-05-19,389.46,30319.23,20.72,1.05,2.84,80.58,3.6,4.284999847412109
2022-05-20,389.63,29201.01,20.76,1.03,2.78,81.65,3.6,4.281000137329102
2022-05-23,396.92,29109.15,20.73,1.07,2.86,81.97,3.6,4.347499847412109
2022-05-24,393.89,29654.58,21.31,1.06,2.76,82.0,3.6,4.325500011444092
2022-05-25,397.37,29542.15,21.25,1.06,2.75,82.48,3.6,4.2769999504089355
2022-05-26,405.31,29201.35,20.63,1.07,2.75,84.59,3.6,4.255000114440918
2022-05-27,415.26,28629.8,20.6,1.08,2.74,85.46,3.6,4.303999900817871
2022-05-31,412.93,31801.04,20.49,1.16,2.85,85.47,3.6,4.295000076293945
2022-06-01,409.59,29805.83,20.35,1.15,2.94,85.54,3.6,4.329999923706055
2022-06-02,417.39,30452.62,20.97,1.17,2.92,87.25,3.6,4.553999900817871
2022-06-03,410.54,29700.21,20.68,1.21,2.96,89.47,3.6,4.477499961853027
2022-06-06,411.79,31373.1,20.51,1.26,3.04,88.39,3.6,4.439499855041504
2022-06-07,415.74,31125.33,20.74,1.26,2.98,90.04,3.6,4.439499855041504
2022-06-08,411.22,30204.77,20.77,1.28,3.03,91.99,3.6,4.458499908447266
2022-06-09,401.44,30109.93,20.09,1.30,3.04,91.08,3.6,4.388999938964844
2022-06-10,389.8,29091.88,21.03,1.39,3.15,90.13,3.6,4.301000118255615
2022-06-13,375.0,22487.41,20.12,1.73,3.43,90.36,3.6,4.2164998054504395
2022-06-14,373.87,22136.41,19.47,1.83,3.49,88.45,3.6,4.161499977111816
2022-06-15,379.2,22583.72,19.56,1.74,3.33,86.93,3.6,4.167500019073486
2022-06-16,366.65,20401.31,20.03,1.59,3.28,87.66,3.6,4.111999988555908
2022-06-17,365.86,20468.81,19.55,1.63,3.25,83.34,3.6,4.017499923706055
2022-06-21,375.07,20723.52,19.58,1.70,3.31,84.05,3.6,4.043000221252441
2022-06-22,374.39,19987.99,19.4,1.61,3.16,80.88,3.6,3.9514999389648438
2022-06-23,378.06,21110.13,18.55,1.65,3.09,78.98,3.6,3.758500099182129
2022-06-24,390.08,21237.69,18.78,1.73,3.13,81.27,3.6,3.759999990463257
2022-06-27,388.59,20742.56,19.04,1.79,3.20,82.93,3.6,3.7790000438690186
2022-06-28,380.65,20281.29,18.55,1.79,3.20,84.72,3.6,3.7839999198913574
2022-06-29,380.34,20123.01,18.39,1.78,3.10,82.95,3.6,3.7790000438690186
2022-06-30,377.25,19942.21,17.69,1.72,2.98,80.35,3.6,3.7144999504089355
2022-07-01,381.24,19279.8,18.06,1.73,2.88,81.67,3.5,3.61899995803833
2022-07-05,381.96,20175.83,17.42,1.90,2.82,74.78,3.5,3.424999952316284
2022-07-06,383.25,20564.51,17.22,1.90,2.93,73.67,3.5,3.4179999828338623
2022-07-07,388.99,21624.98,17.25,1.95,3.01,76.55,3.5,3.5820000171661377
2022-07-08,388.67,21594.75,17.18,1.98,3.09,78.54,3.5,3.5320000648498535
2022-07-11,384.23,19963.61,16.98,2.18,2.99,78.23,3.5,3.4375
2022-07-12,380.83,19328.75,16.44,2.22,2.96,72.81,3.5,3.2964999675750732
2022-07-13,378.83,20234.87,16.49,2.39,2.91,73.19,3.5,3.325500011444092
2022-07-14,377.91,20588.84,15.77,2.40,2.96,72.85,3.5,3.2105000019073486
2022-07-15,385.13,20830.04,15.66,2.37,2.93,73.74,3.5,3.234499931335449
2022-07-18,381.95,22432.58,15.82,2.50,2.96,76.81,3.5,3.3480000495910645
2022-07-19,392.27,23396.62,16.03,2.52,3.01,78.05,3.5,3.2915000915527344
2022-07-20,394.77,23223.3,15.45,2.51,3.04,77.64,3.5,3.3294999599456787
2022-07-21,398.79,23152.19,15.5,2.48,2.91,75.49,3.5,3.302000045776367
2022-07-22,395.09,22684.83,15.33,2.49,2.77,74.53,3.5,3.3485000133514404
2022-07-25,395.57,21310.9,14.91,2.62,2.81,76.22,3.5,3.3510000705718994
2022-07-26,390.89,21254.67,15.27,2.55,2.81,75.16,3.5,3.382499933242798
2022-07-27,401.04,22952.45,15.41,2.44,2.78,77.87,3.5,3.429500102996826
2022-07-28,406.07,23842.93,15.63,2.42,2.68,77.13,3.5,3.4749999046325684
2022-07-29,411.99,23773.75,15.74,2.41,2.67,78.05,3.5,3.5840001106262207
2022-08-01,410.77,23268.01,15.72,2.56,2.60,75.13,3.6,3.552000045776367
2022-08-02,408.06,22987.79,15.52,2.56,2.75,75.93,3.6,3.5244998931884766
2022-08-03,414.45,22818.37,15.2,2.52,2.73,73.53,3.6,3.4695000648498535
2022-08-04,414.17,22622.98,15.78,2.50,2.68,71.53,3.6,3.4830000400543213
2022-08-05,413.47,23312.42,15.6,2.58,2.83,71.54,3.6,3.552999973297119
2022-08-08,412.99,23810.0,16.2,2.65,2.77,73.54,3.6,3.5875000953674316
2022-08-09,411.35,23149.95,16.44,2.67,2.80,73.45,3.6,3.5924999713897705
2022-08-10,419.99,23954.05,16.53,2.65,2.78,74.32,3.6,3.6554999351501465
2022-08-11,419.99,23934.39,16.4,2.62,2.87,76.28,3.6,3.7105000019073486
2022-08-12,427.1,24403.68,16.74,2.63,2.84,74.98,3.6,3.6760001182556152
2022-08-15,428.86,24094.82,16.67,2.72,2.79,72.88,3.6,3.628999948501587
2022-08-16,429.7,23854.74,16.85,2.70,2.82,71.24,3.6,3.6364998817443848
2022-08-17,426.65,23342.66,16.45,2.68,2.89,72.05,3.6,3.5980000495910645
2022-08-18,427.89,23191.2,16.41,2.71,2.88,74.21,3.6,3.6465001106262207
2022-08-19,422.14,20834.39,16.07,2.74,2.98,74.06,3.6,3.683500051498413
2022-08-22,413.35,21399.83,16.17,2.82,3.03,74.68,3.6,3.6705000400543213
2022-08-23,412.35,21529.12,16.21,2.80,3.05,76.83,3.6,3.7044999599456787
2022-08-24,413.67,21368.08,16.35,2.82,3.11,78.04,3.6,3.6605000495910645
2022-08-25,419.51,21559.04,16.37,2.88,3.03,76.5,3.6,3.7105000019073486
2022-08-26,405.31,20241.05,15.48,2.89,3.04,75.85,3.6,3.7114999294281006
2022-08-29,402.63,20285.73,15.35,2.97,3.12,78.69,3.6,3.626499891281128
2022-08-30,398.21,19811.66,14.99,2.97,3.11,75.47,3.6,3.5450000762939453
2022-08-31,395.18,20050.02,14.85,2.96,3.15,73.11,3.6,3.5185000896453857
2022-09-01,396.42,20131.46,14.59,2.97,3.26,70.95,3.5,3.4144999980926514
2022-09-02,392.24,19951.86,14.9,2.94,3.20,71.43,3.5,3.4214999675750732
2022-09-06,390.76,18790.61,14.83,3.04,3.33,71.42,3.5,3.4690001010894775
2022-09-07,397.78,19292.84,15.36,3.07,3.27,67.62,3.5,3.437999963760376
2022-09-08,400.38,19319.77,15.61,3.06,3.29,68.09,3.5,3.5360000133514404
2022-09-09,406.6,21360.11,15.92,3.08,3.33,71.1,3.5,3.5810000896453857
2022-09-12,410.97,22395.74,15.96,3.17,3.37,72.37,3.5,3.625499963760376
2022-09-13,393.1,20173.57,15.55,3.28,3.42,72.01,3.5,3.5810000896453857
2022-09-14,394.6,20226.71,15.6,3.24,3.41,72.73,3.5,3.5455000400543213
2022-09-15,390.12,19701.88,15.14,3.22,3.45,69.76,3.5,3.5234999656677246
2022-09-16,385.56,19803.3,15.3,3.20,3.45,69.9,3.5,3.561000108718872
2022-09-19,388.55,19537.02,15.5,3.37,3.49,70.05,3.5,3.557499885559082
2022-09-20,384.09,18875.0,15.05,3.35,3.57,69.22,3.5,3.5480000972747803
2022-09-21,377.39,18461.36,15.18,3.31,3.51,68.68,3.5,3.51200008392334
2022-09-22,374.22,19401.63,15.07,3.29,3.70,68.97,3.5,3.498500108718872
2022-09-23,367.95,19289.91,14.48,3.24,3.69,65.32,3.5,3.371500015258789
2022-09-26,364.31,19227.82,14.19,3.39,3.88,63.2,3.5,3.313499927520752
2022-09-27,363.38,19079.13,14.1,3.35,3.97,64.42,3.5,3.322999954223633
2022-09-28,370.53,19412.82,14.95,3.40,3.72,67.13,3.5,3.381999969482422
2022-09-29,362.79,19591.51,15.1,3.36,3.76,66.77,3.5,3.440000057220459
2022-09-30,357.18,19422.61,15.5,3.33,3.83,65.28,3.5,3.441999912261963
2022-10-03,366.61,19629.08,15.92,3.46,3.67,67.89,3.6,3.4579999446868896
2022-10-04,377.97,20337.82,16.05,3.45,3.62,70.28,3.6,3.5179998874664307
2022-10-05,377.09,20158.26,15.9,3.46,3.76,71.94,3.6,3.5325000286102295
2022-10-06,373.2,19960.67,16.15,3.46,3.83,72.99,3.6,3.4749999046325684
2022-10-07,362.79,19530.09,15.48,3.45,3.89,75.1,3.6,3.4124999046325684
2022-10-10,360.02,19131.87,15.27,.,.,73.78,3.6,3.4535000324249268
2022-10-11,357.74,19060.0,15.01,3.67,3.93,71.75,3.6,3.4779999256134033
2022-10-12,356.56,19155.53,15.06,3.70,3.91,70.93,3.6,3.444499969482422
2022-10-13,365.97,19375.13,14.67,3.79,3.97,72.52,3.6,3.4674999713897705
2022-10-14,357.63,19176.93,14.16,3.81,4.00,70.17,3.6,3.450500011444092
2022-10-17,366.82,19549.86,14.61,3.97,4.02,70.13,3.6,3.4554998874664307
2022-10-18,371.13,19327.44,14.79,4.04,4.01,68.7,3.6,3.4065001010894775
2022-10-19,368.5,19123.97,14.45,4.07,4.14,70.04,3.6,3.3605000972747803
2022-10-20,365.41,19041.92,14.51,4.09,4.24,70.18,3.6,3.4509999752044678
2022-10-21,374.29,19164.37,15.01,4.09,4.21,70.57,3.6,3.5230000019073486
2022-10-24,378.87,19329.72,15.05,4.16,4.25,70.38,3.6,3.4795000553131104
2022-10-25,384.92,20080.07,15.26,4.14,4.10,70.61,3.6,3.450500011444092
2022-10-26,382.02,20771.59,15.7,4.11,4.04,72.97,3.6,3.629499912261963
2022-10-27,379.98,20295.11,15.48,4.13,3.96,73.62,3.6,3.625499963760376
2022-10-28,389.02,20591.84,15.31,4.18,4.02,72.82,3.6,3.4660000801086426
2022-10-31,386.21,20490.74,15.03,4.22,4.10,71.53,3.6,3.4135000705718994
2022-11-01,384.52,20483.62,15.14,4.23,4.07,73.12,3.6,3.509500026702881
2022-11-02,374.87,20151.84,14.34,4.22,4.10,74.08,3.6,3.505500078201294
2022-11-03,371.01,20207.82,13.1,4.25,4.14,73.29,3.6,3.4565000534057617
2022-11-04,376.35,21148.52,14.2,4.21,4.17,76.82,3.6,3.7144999504089355
2022-11-07,379.95,20591.13,14.57,4.29,4.22,76.56,3.6,3.629499912261963
2022-11-08,382.0,18547.23,15.61,4.28,4.14,74.47,3.6,3.7054998874664307
2022-11-09,374.13,15922.81,15.35,4.29,4.12,71.67,3.6,3.741499900817871
2022-11-10,394.69,17601.15,16.43,4.28,3.82,72.24,3.6,3.7960000038146973
2022-11-11,398.51,17070.31,16.44,.,.,74.38,3.6,3.9509999752044678
2022-11-14,395.12,16619.46,16.19,4.34,3.88,71.91,3.6,3.8550000190734863
2022-11-15,398.49,16900.57,16.0,4.31,3.80,73.25,3.6,3.8394999504089355
2022-11-16,395.45,16662.76,15.79,4.32,3.67,72.04,3.6,3.7880001068115234
2022-11-17,394.24,16692.56,15.57,4.32,3.77,70.14,3.6,3.689500093460083
2022-11-18,396.03,16700.45,15.62,4.34,3.82,69.03,3.6,3.631999969482422
2022-11-21,394.59,15781.29,15.35,4.41,3.83,69.03,3.6,3.571500062942505
2022-11-22,399.9,16226.94,16.01,4.40,3.76,69.98,3.6,3.614500045776367
2022-11-23,402.42,16603.11,16.23,4.40,3.71,67.41,3.6,3.617500066757202
2022-11-25,402.33,16522.14,16.02,4.41,3.68,66.96,3.6,3.626499891281128
2022-11-28,395.91,16212.91,15.5,4.41,3.69,66.88,3.6,3.6105000972747803
2022-11-29,395.23,16442.53,15.87,4.38,3.75,68.34,3.6,3.630000114440918
2022-11-30,407.68,17163.64,16.32,4.37,3.68,70.23,3.6,3.7295000553131104
2022-12-01,407.38,16977.37,17.09,4.33,3.53,70.45,3.5,3.813999891281128
2022-12-02,406.91,17092.74,16.98,4.34,3.51,69.84,3.5,3.8480000495910645
2022-12-05,399.59,16966.35,16.52,4.36,3.60,67.72,3.5,3.7894999980926514
2022-12-06,393.83,17088.96,16.45,4.37,3.51,65.23,3.5,3.811500072479248
2022-12-07,393.16,16836.64,16.86,4.29,3.42,63.65,3.5,3.8554999828338623
2022-12-08,396.24,17224.1,16.8,4.28,3.48,62.71,3.5,3.880500078201294
2022-12-09,393.28,17128.56,16.58,4.31,3.57,62.85,3.5,3.875999927520752
2022-12-12,398.95,17209.83,16.73,4.38,3.61,64.41,3.5,3.7985000610351562
2022-12-13,401.97,17774.7,17.44,4.35,3.51,65.86,3.5,3.8394999504089355
2022-12-14,399.4,17803.15,17.39,4.33,3.49,67.36,3.5,3.875
2022-12-15,389.63,17356.34,16.65,4.34,3.44,66.15,3.5,3.763000011444092
2022-12-16,383.27,16632.12,16.9,4.31,3.48,64.9,3.5,3.7614998817443848
2022-12-19,380.02,16438.88,16.55,4.37,3.57,66.07,3.5,3.7829999923706055
2022-12-20,380.54,16895.56,17.28,4.35,3.69,66.22,3.5,3.797499895095825
2022-12-21,386.23,16824.67,17.5,4.33,3.68,68.06,3.5,3.805999994277954
2022-12-22,380.72,16821.43,17.3,4.35,3.67,67.7,3.5,3.751499891281128
2022-12-23,382.91,16778.5,17.39,4.34,3.75,69.32,3.5,3.802999973297119
2022-12-27,381.4,16706.36,17.77,4.46,3.84,69.53,3.5,3.8334999084472656
2022-12-28,376.66,16547.31,17.21,4.46,3.88,68.58,3.5,3.8320000171661377
2022-12-29,383.44,16633.47,17.25,4.45,3.83,68.53,3.5,3.821000099182129
2022-12-30,382.43,16607.48,17.18,4.42,3.88,70.11,3.5,3.805500030517578
2023-01-03,380.82,16675.18,17.83,4.53,3.79,67.64,3.5,3.7660000324249268
2023-01-04,383.76,16850.36,18.88,4.55,3.69,64.3,3.5,3.739500045776367
2023-01-05,379.38,16831.85,18.78,4.66,3.71,64.78,3.5,3.818000078201294
2023-01-06,388.08,16950.65,19.04,4.67,3.55,64.83,3.5,3.9084999561309814
2023-01-09,387.86,17178.26,18.97,4.70,3.53,65.88,3.5,4.018499851226807
2023-01-10,390.58,17440.66,19.39,4.73,3.61,65.9,3.5,4.066999912261963
2023-01-11,395.52,17943.26,19.22,4.72,3.54,68.05,3.5,4.1545000076293945
2023-01-12,396.96,18846.62,19.43,4.66,3.43,68.61,3.5,4.185999870300293
2023-01-13,398.5,19930.01,19.64,4.67,3.49,70.05,3.5,4.207499980926514
2023-01-17,397.77,21134.81,18.75,4.71,3.53,70.86,3.5,4.215000152587891
2023-01-18,391.49,20677.47,18.38,4.69,3.37,69.51,3.5,4.228499889373779
2023-01-19,388.64,21071.59,18.72,4.71,3.39,70.59,3.5,4.226500034332275
2023-01-20,395.88,22667.21,18.97,4.72,3.48,71.55,3.5,4.248499870300293
2023-01-23,400.63,22916.45,19.23,4.73,3.52,71.5,3.5,4.254000186920166
2023-01-24,400.2,22632.89,19.42,4.72,3.46,70.22,3.5,4.245500087738037
2023-01-25,400.35,23060.94,19.79,4.72,3.46,70.51,3.5,4.239999771118164
2023-01-26,404.75,23009.65,19.69,4.71,3.49,70.93,3.5,4.267000198364258
2023-01-27,405.68,23074.16,19.67,4.73,3.52,69.5,3.5,4.223999977111816
2023-01-30,400.59,22826.15,19.48,4.72,3.55,68.1,3.5,4.203499794006348
2023-01-31,406.48,23125.13,19.55,4.70,3.52,69.32,3.5,4.228499889373779
2023-02-01,410.8,23732.66,19.95,4.66,3.39,67.36,3.6,4.111000061035156
2023-02-02,416.78,23488.94,19.4,4.66,3.40,66.57,3.6,4.093999862670898
2023-02-03,412.35,23431.9,18.32,4.70,3.53,64.4,3.6,4.063000202178955
2023-02-06,409.83,22762.52,18.35,4.71,3.63,65.5,3.6,4.043499946594238
2023-02-07,415.19,23240.46,18.5,4.71,3.67,67.76,3.6,4.088500022888184
2023-02-08,410.65,22963.0,18.34,4.72,3.63,68.68,3.6,4.043499946594238
2023-02-09,407.09,21796.35,17.81,4.77,3.67,67.92,3.6,4.105500221252441
2023-02-10,408.04,21625.19,17.93,4.79,3.74,69.87,3.6,4.027500152587891
2023-02-13,412.83,21773.97,17.93,4.81,3.72,69.5,3.6,4.086999893188477
2023-02-14,412.64,22199.84,17.81,4.80,3.77,69.4,3.6,4.110000133514404
2023-02-15,413.98,24324.05,17.17,4.79,3.81,69.02,3.6,4.052000045776367
2023-02-16,408.28,23517.72,16.95,4.84,3.86,68.45,3.6,4.165500164031982
2023-02-17,407.26,24569.97,16.74,4.84,3.82,67.02,3.6,4.113999843597412
2023-02-21,399.09,24452.16,16.59,4.86,3.95,66.69,3.6,4.234499931335449
2023-02-22,398.54,24182.21,16.21,4.84,3.93,64.92,3.6,4.202499866485596
2023-02-23,400.66,23940.2,16.07,4.84,3.88,66.38,3.6,4.072999954223633
2023-02-24,396.38,23185.29,16.0,4.86,3.95,67.1,3.6,3.9549999237060547
2023-02-27,397.73,23492.09,15.97,4.89,3.92,66.25,3.6,4.008999824523926
2023-02-28,396.26,23141.57,16.12,4.88,3.92,67.21,3.6,4.097499847412109
2023-03-01,394.74,23628.97,16.31,4.90,4.01,68.07,3.5,4.168000221252441
2023-03-02,397.81,23465.32,16.38,4.91,4.08,68.3,3.5,4.084000110626221
2023-03-03,404.19,22354.34,16.52,4.91,3.97,69.86,3.5,4.078000068664551
2023-03-06,404.47,22410.0,16.3,4.93,3.98,70.49,3.5,4.100500106811523
2023-03-07,398.27,22197.96,15.77,5.04,3.97,67.85,3.5,3.9865000247955322
2023-03-08,398.92,21705.44,15.62,5.06,3.98,67.1,3.5,4.041500091552734
2023-03-09,391.56,20362.22,15.57,5.05,3.93,66.24,3.5,4.054500102996826
2023-03-10,385.91,20150.69,15.91,5.01,3.70,67.14,3.5,4.045499801635742
2023-03-13,385.36,24113.48,17.02,4.87,3.55,65.25,3.5,4.069499969482422
2023-03-14,391.73,24670.41,17.07,4.88,3.64,62.93,3.5,4.010499954223633
2023-03-15,389.28,24285.66,17.48,4.75,3.51,60.02,3.5,3.8564999103546143
2023-03-16,396.11,24998.78,17.4,4.74,3.56,60.05,3.5,3.885499954223633
2023-03-17,389.99,27395.13,18.12,4.52,3.39,58.66,3.5,3.9135000705718994
2023-03-20,393.74,27717.01,18.24,4.81,3.47,59.79,3.5,3.9755001068115234
2023-03-21,398.91,28105.47,17.69,4.78,3.59,61.23,3.5,4.018499851226807
2023-03-22,392.11,27250.97,18.0,4.79,3.48,61.61,3.5,4.06850004196167
2023-03-23,393.17,28295.41,18.3,4.73,3.38,60.99,3.5,4.145999908447266
2023-03-24,395.75,27454.47,18.52,4.74,3.38,60.96,3.5,4.101500034332275
2023-03-27,396.49,27124.91,18.5,4.91,3.53,64.15,3.5,4.104499816894531
2023-03-28,395.6,27261.07,18.66,4.80,3.55,64.55,3.5,4.111999988555908
2023-03-29,401.35,28348.6,18.54,4.80,3.57,64.15,3.5,4.114999771118164
2023-03-30,403.7,28028.53,18.6,4.97,3.55,65.32,3.5,4.0904998779296875
2023-03-31,409.39,28465.36,18.57,4.85,3.48,66.44,3.5,4.104499816894531
2023-04-03,410.95,27800.0,18.79,4.90,3.43,70.27,3.4,4.059500217437744
2023-04-04,408.67,28165.47,19.62,4.88,3.35,70.27,3.4,3.9835000038146973
2023-04-05,407.6,28170.01,19.68,4.86,3.30,70.24,3.4,3.997999906539917
2023-04-06,409.19,28033.82,19.73,4.91,3.30,70.26,3.4,4.026000022888184
2023-04-10,409.61,29637.34,19.46,5.08,3.41,69.76,3.4,3.9865000247955322
2023-04-11,409.72,30200.42,19.42,5.04,3.43,71.07,3.4,4.024499893188477
2023-04-12,408.05,29888.07,19.63,5.02,3.41,72.43,3.4,4.084499835968018
2023-04-13,413.47,30373.84,20.05,5.10,3.45,71.8,3.4,4.124000072479248
2023-04-14,412.46,30466.93,19.67,5.14,3.52,72.09,3.4,4.107500076293945
2023-04-17,413.94,29430.27,19.37,5.21,3.60,70.84,3.4,4.065999984741211
2023-04-18,414.21,30380.01,19.42,5.20,3.58,70.73,3.4,4.0894999504089355
2023-04-19,414.14,28797.1,19.24,5.16,3.60,69.3,3.4,4.072000026702881
2023-04-20,411.88,28243.65,19.2,5.12,3.54,67.6,3.4,4.021999835968018
2023-04-21,412.2,27262.84,19.07,5.14,3.57,68.21,3.4,3.9800000190734863
2023-04-24,412.63,27510.93,19.07,5.20,3.52,69.25,3.4,3.953000068664551
2023-04-25,406.08,28300.79,19.19,5.12,3.40,67.62,3.4,3.8459999561309814
2023-04-26,404.36,28415.29,18.99,5.16,3.43,65.36,3.4,3.8499999046325684
2023-04-27,412.41,29472.77,19.17,5.18,3.53,65.81,3.4,3.864500045776367
2023-04-28,415.93,29311.7,19.04,5.10,3.44,67.5,3.4,3.869999885559082
2023-05-01,415.51,28068.26,19.0,5.27,3.59,66.55,3.6,3.9170000553131104
2023-05-02,410.84,28669.86,19.79,5.24,3.44,63.05,3.6,3.8480000495910645
2023-05-03,408.02,29026.16,19.98,5.26,3.38,60.31,3.6,3.8315000534057617
2023-05-04,405.13,28838.16,20.43,5.26,3.37,60.7,3.6,3.8499999046325684
2023-05-05,412.63,29505.61,20.2,5.26,3.44,63.03,3.6,3.871500015258789
2023-05-08,412.74,27668.79,19.85,5.31,3.52,64.26,3.6,3.9179999828338623
2023-05-09,410.93,27628.27,19.78,5.29,3.53,64.87,3.6,3.8889999389648438
2023-05-10,412.85,27598.75,19.77,5.24,3.43,64.39,3.6,3.828000068664551
2023-05-11,412.13,26968.62,19.03,5.20,3.39,63.25,3.6,3.697499990463257
2023-05-12,411.59,26795.01,19.18,5.25,3.46,62.07,3.6,3.7165000438690186
2023-05-15,413.01,27162.14,19.35,5.21,3.50,62.99,3.6,3.737499952316284
2023-05-16,410.25,27033.84,18.76,5.23,3.54,62.54,3.6,3.6545000076293945
2023-05-17,415.23,27405.61,18.43,5.26,3.57,64.6,3.6,3.743000030517578
2023-05-18,419.23,26821.28,17.81,5.31,3.65,64.04,3.6,3.68149995803833
2023-05-19,418.62,26880.26,17.86,5.29,3.70,63.9,3.6,3.7225000858306885
2023-05-22,418.79,26849.27,17.79,5.40,3.72,63.91,3.6,3.6740000247955322
2023-05-23,414.09,27219.61,17.75,5.34,3.70,64.87,3.6,3.6414999961853027
2023-05-24,411.09,26329.01,17.48,5.37,3.73,65.66,3.6,3.553499937057495
2023-05-25,414.65,26473.79,17.09,5.38,3.83,64.09,3.6,3.5804998874664307
2023-05-26,420.02,26705.92,16.99,5.34,3.80,64.8,3.6,3.6735000610351562
2023-05-30,420.18,27694.4,16.78,5.55,3.69,62.3,3.6,3.6579999923706055
2023-05-31,417.85,27210.35,16.88,5.52,3.64,60.63,3.6,3.63100004196167
2023-06-01,421.82,26817.93,17.45,5.50,3.61,62.55,3.6,3.7065000534057617
2023-06-02,427.92,27242.59,17.31,5.50,3.69,64.15,3.6,3.7225000858306885
2023-06-05,427.1,25728.2,17.19,5.46,3.69,64.03,3.6,3.762500047683716
2023-06-06,428.03,27230.08,17.13,5.44,3.70,63.79,3.6,3.7669999599456787
2023-06-07,426.55,26339.34,16.98,5.42,3.79,64.71,3.6,3.754499912261963
2023-06-08,429.13,26498.61,17.15,5.38,3.73,63.46,3.6,3.7964999675750732
2023-06-09,429.9,26477.81,17.0,5.37,3.75,62.93,3.6,3.7890000343322754
2023-06-12,433.8,25905.19,16.9,5.40,3.73,60.24,3.6,3.750499963760376
2023-06-13,436.66,25934.25,16.81,5.36,3.84,62.14,3.6,3.8285000324249268
2023-06-14,437.18,25128.6,16.78,5.36,3.83,61.83,3.6,3.865999937057495
2023-06-15,442.6,25598.49,16.49,5.33,3.72,63.41,3.6,3.8965001106262207
2023-06-16,439.46,26345.0,16.71,5.34,3.77,64.35,3.6,3.884500026702881
2023-06-20,437.18,28307.99,16.05,5.39,3.74,63.92,3.6,3.878499984741211
2023-06-21,434.94,29993.89,16.13,5.40,3.72,65.04,3.6,3.9110000133514404
2023-06-22,436.51,29884.92,16.41,5.40,3.80,62.52,3.6,3.8884999752044678
2023-06-23,433.21,30688.5,16.46,5.41,3.74,62.42,3.6,3.805999994277954
2023-06-26,431.44,30267.99,16.57,5.50,3.72,62.73,3.6,3.7864999771118164
2023-06-27,436.17,30692.44,16.66,5.44,3.77,61.3,3.6,3.7815001010894775
2023-06-28,436.39,30077.41,16.6,5.44,3.71,62.52,3.6,3.7204999923706055
2023-06-29,438.11,30447.31,16.63,5.46,3.85,62.96,3.6,3.677500009536743
2023-06-30,443.28,30472.0,16.93,5.43,3.81,63.55,3.6,3.740999937057495
2023-07-03,443.79,31156.2,17.09,5.44,3.86,63.39,3.5,3.7790000438690186
2023-07-05,443.13,30504.81,16.7,5.44,3.95,64.63,3.5,3.753499984741211
2023-07-06,439.66,29895.43,16.22,5.46,4.05,64.44,3.5,3.7200000286102295
2023-07-07,438.55,30344.7,16.34,5.46,4.06,65.85,3.5,3.7669999599456787
2023-07-10,439.66,30411.57,16.53,5.48,4.01,65.54,3.5,3.7715001106262207
2023-07-11,442.46,30622.1,16.71,5.49,3.99,67.03,3.5,3.753499984741211
2023-07-12,446.02,30380.0,17.48,5.47,3.86,67.87,3.5,3.8420000076293945
2023-07-13,449.56,31454.23,17.6,5.47,3.76,69.09,3.5,3.929500102996826
2023-07-14,449.28,30312.01,17.35,5.49,3.83,67.47,3.5,3.921999931335449
2023-07-17,450.84,30138.0,17.36,5.49,3.81,66.58,3.5,3.8320000171661377
2023-07-18,454.19,29859.13,17.65,5.49,3.80,67.96,3.5,3.815999984741211
2023-07-19,455.2,29909.21,17.65,5.49,3.75,67.69,3.5,3.799499988555908
2023-07-20,452.18,29800.0,17.28,5.49,3.85,68.05,3.5,3.817500114440918
2023-07-21,452.18,29901.72,17.4,5.50,3.84,68.99,3.5,3.802999973297119
2023-07-24,454.2,29176.5,17.38,5.51,3.86,70.69,3.5,3.8405001163482666
2023-07-25,455.44,29228.91,17.53,5.51,3.91,71.16,3.5,3.9019999504089355
2023-07-26,455.51,29351.96,17.25,5.51,3.86,70.66,3.5,3.890500068664551
2023-07-27,452.49,29222.78,16.78,5.51,4.01,71.43,3.5,3.8635001182556152
2023-07-28,456.92,29314.14,16.98,5.52,3.96,72.09,3.5,3.9170000553131104
2023-07-31,457.79,29232.25,17.29,5.55,3.97,73.17,3.5,3.994499921798706
2023-08-01,456.48,29705.99,17.03,5.54,4.05,72.96,3.7,3.8935000896453857
2023-08-02,450.13,29186.01,16.54,5.53,4.08,71.48,3.7,3.827500104904175
2023-08-03,448.84,29193.64,16.31,5.54,4.20,73.14,3.7,3.875999927520752
2023-08-04,446.81,29113.99,16.49,5.54,4.05,73.79,3.7,3.8450000286102295
2023-08-07,450.71,29211.06,16.5,5.56,4.09,73.82,3.7,3.812999963760376
2023-08-08,448.75,29770.42,16.45,5.57,4.02,74.06,3.7,3.747999906539917
2023-08-09,445.75,29581.99,16.48,5.55,4.00,75.1,3.7,3.7674999237060547
2023-08-10,445.91,29455.75,16.66,5.54,4.09,74.2,3.7,3.750999927520752
2023-08-11,445.65,29426.03,16.91,5.54,4.16,74.25,3.7,3.7144999504089355
2023-08-14,448.11,29430.93,16.67,5.56,4.19,73.81,3.7,3.7244999408721924
2023-08-15,442.89,29200.0,16.02,5.56,4.21,72.62,3.7,3.6614999771118164
2023-08-16,439.64,28730.51,15.77,5.56,4.28,71.37,3.7,3.6514999866485596
2023-08-17,436.29,26623.41,15.66,5.56,4.30,71.98,3.7,3.685499906539917
2023-08-18,436.5,26054.0,15.61,5.55,4.26,72.79,3.7,3.6989998817443848
2023-08-21,439.34,26126.92,15.71,5.57,4.34,72.58,3.7,3.7119998931884766
2023-08-22,438.15,26056.0,15.84,5.57,4.34,72.28,3.7,3.750499963760376
2023-08-23,443.03,26432.72,16.11,5.57,4.19,71.36,3.7,3.803499937057495
2023-08-24,436.89,26180.05,15.97,5.58,4.23,71.41,3.7,3.7674999237060547
2023-08-25,439.97,26060.01,15.91,5.61,4.25,72.45,3.7,3.759999990463257
2023-08-28,442.76,26120.0,16.19,5.58,4.20,72.41,3.7,3.753999948501587
2023-08-29,449.16,27716.34,16.34,5.56,4.12,73.32,3.7,3.7929999828338623
2023-08-30,451.01,27299.99,16.35,5.56,4.12,73.66,3.7,3.7850000858306885
2023-08-31,450.35,25940.78,16.21,5.56,4.09,75.06,3.7,3.7725000381469727
2023-09-01,451.19,25805.05,16.12,5.53,4.18,76.92,3.8,3.8125
2023-09-05,449.24,25792.1,15.92,5.55,4.27,77.76,3.8,3.811000108718872
2023-09-06,446.22,25759.95,15.84,5.55,4.30,78.52,3.8,3.748500108718872
2023-09-07,444.85,26255.0,15.79,5.53,4.27,77.95,3.8,3.7260000705718994
2023-09-08,445.52,25910.5,15.78,5.55,4.26,78.3,3.8,3.680500030517578
2023-09-11,448.45,25162.52,16.07,5.55,4.29,78.37,3.8,3.7699999809265137
2023-09-12,445.99,25840.1,16.05,5.56,4.27,79.7,3.8,3.752000093460083
2023-09-13,446.51,26222.0,16.12,5.55,4.25,79.68,3.8,3.75600004196167
2023-09-14,450.36,26522.73,16.33,5.55,4.29,81.12,3.8,3.7825000286102295
2023-09-15,443.37,26600.0,16.64,5.56,4.33,81.29,3.8,3.7634999752044678
2023-09-18,443.63,26762.51,16.68,5.55,4.32,81.45,3.8,3.741499900817871
2023-09-19,442.71,27210.26,16.33,5.54,4.37,81.5,3.8,3.7139999866485596
2023-09-20,438.64,27125.0,16.42,5.56,4.35,80.14,3.8,3.746500015258789
2023-09-21,431.39,26568.08,16.03,5.57,4.49,80.41,3.8,3.6665000915527344
2023-09-22,430.42,26580.14,15.79,5.56,4.44,80.63,3.8,3.6654999256134033
2023-09-25,432.23,26304.81,15.55,5.58,4.55,80.39,3.8,3.6494998931884766
2023-09-26,425.88,26221.67,15.21,5.58,4.56,80.88,3.8,3.625
2023-09-27,426.05,26372.99,14.64,5.58,4.61,82.9,3.8,3.627000093460083
2023-09-28,428.52,27021.39,14.56,5.56,4.59,81.57,3.8,3.694499969482422
2023-09-29,427.48,26906.96,14.55,5.55,4.59,80.86,3.8,3.7260000705718994
2023-10-02,427.31,27494.51,14.23,5.62,4.69,79.39,3.9,3.631999969482422
2023-10-03,421.59,27426.46,14.19,5.62,4.81,79.93,3.9,3.615499973297119
2023-10-04,424.66,27778.57,14.2,5.61,4.73,75.59,3.9,3.5840001106262207
2023-10-05,424.5,27410.39,14.37,5.61,4.72,73.99,3.9,3.546999931335449
2023-10-06,429.54,27931.09,14.58,5.63,4.78,74.16,3.9,3.624500036239624
2023-10-09,432.29,27590.12,14.85,.,.,77.13,3.9,3.6424999237060547
2023-10-10,434.54,27390.12,14.96,5.61,4.66,76.71,3.9,3.631999969482422
2023-10-11,436.32,26875.52,15.22,5.61,4.58,75.67,3.9,3.614000082015991
2023-10-12,433.66,26759.63,15.14,5.63,4.70,75.42,3.9,3.5940001010894775
2023-10-13,431.5,26862.0,15.74,5.62,4.63,78.99,3.9,3.5799999237060547
2023-10-16,436.04,28500.78,15.81,5.61,4.71,78.39,3.9,3.5869998931884766
2023-10-17,436.02,28395.91,16.42,5.62,4.83,78.8,3.9,3.575500011444092
2023-10-18,430.21,28320.0,16.54,5.61,4.91,79.84,3.9,3.5820000171661377
2023-10-19,426.43,28713.71,16.61,5.60,4.98,81.68,3.9,3.5915000438690186
2023-10-20,421.19,29669.04,16.89,5.58,4.93,80.7,3.9,3.5420000553131104
2023-10-23,420.46,33069.99,16.55,5.58,4.86,78.89,3.9,3.572999954223633
2023-10-24,423.63,33922.73,16.56,5.58,4.83,76.93,3.9,3.609999895095825
2023-10-25,417.55,34496.05,16.58,5.59,4.95,78.46,3.9,3.572000026702881
2023-10-26,412.55,34151.66,16.3,5.59,4.86,76.89,3.9,3.56850004196167
2023-10-27,410.68,33892.02,16.33,5.59,4.84,78.36,3.9,3.634000062942505
2023-10-30,415.59,34474.73,16.11,5.60,4.88,76.05,3.9,3.6494998931884766
2023-10-31,418.2,34639.77,15.98,5.59,4.88,75.02,3.9,3.6414999961853027
2023-11-01,422.66,35421.43,16.03,5.57,4.77,74.75,3.7,3.6449999809265137
2023-11-02,430.76,34941.59,16.05,5.54,4.67,76.18,3.7,3.6670000553131104
2023-11-03,434.69,34716.78,16.48,5.53,4.57,74.85,3.7,3.674499988555908
2023-11-06,435.69,35046.09,16.29,5.56,4.67,74.91,3.7,3.7095000743865967
2023-11-07,436.93,35399.12,15.76,5.55,4.58,71.8,3.7,3.6700000762939453
2023-11-08,437.25,35624.72,15.17,5.54,4.49,70.19,3.7,3.628000020980835
2023-11-09,433.84,36701.09,15.3,5.54,4.62,70.25,3.7,3.634999990463257
2023-11-10,440.61,37301.63,15.22,5.53,4.61,71.79,3.7,3.5834999084472656
2023-11-13,440.19,36462.93,15.13,5.55,4.63,72.92,3.7,3.6624999046325684
2023-11-14,448.73,35551.19,15.71,5.52,4.44,72.69,3.7,3.682499885559082
2023-11-15,449.68,37858.2,15.61,5.53,4.53,71.34,3.7,3.7174999713897705
2023-11-16,450.23,36163.51,15.88,5.51,4.45,68.05,3.7,3.7044999599456787
2023-11-17,450.79,36613.92,15.71,5.50,4.44,70.75,3.7,3.737499952316284
2023-11-20,454.26,37448.78,15.79,5.54,4.42,72.3,3.7,3.8125
2023-11-21,453.27,35741.65,16.19,5.53,4.41,72.53,3.7,3.814500093460083
2023-11-22,455.02,37408.34,16.24,5.54,4.42,71.61,3.7,3.7664999961853027
2023-11-24,455.3,37713.57,16.23,5.54,4.47,70.82,3.7,3.7964999675750732
2023-11-27,454.48,37242.7,16.57,5.49,4.39,69.96,3.7,3.762500047683716
2023-11-28,454.93,37818.87,17.44,5.47,4.34,71.26,3.7,3.8010001182556152
2023-11-29,454.61,37854.64,17.39,5.45,4.27,72.52,3.7,3.7860000133514404
2023-11-30,456.4,37723.96,17.59,5.45,4.37,70.14,3.7,3.8289999961853027
2023-12-01,459.1,38682.52,17.73,5.43,4.22,69.24,3.8,3.9089999198913574
2023-12-04,456.69,41991.1,17.53,5.46,4.28,68.47,3.8,3.820499897003174
2023-12-05,456.6,44073.32,17.42,5.45,4.18,67.58,3.8,3.7725000381469727
2023-12-06,454.76,43762.69,17.36,5.45,4.12,64.76,3.8,3.7165000438690186
2023-12-07,458.23,43273.14,17.22,5.44,4.14,65.11,3.8,3.7844998836517334
2023-12-08,460.2,44170.99,16.79,5.44,4.23,66.53,3.8,3.819999933242798
2023-12-11,461.99,41253.4,16.67,5.47,4.23,66.8,3.8,3.7799999713897705
2023-12-12,464.1,41492.39,16.34,5.46,4.20,64.25,3.8,3.7860000133514404
2023-12-13,470.5,42869.03,17.43,5.44,4.04,65.33,3.8,3.7860000133514404
2023-12-14,472.01,43022.26,17.65,5.43,3.92,67.16,3.8,3.8884999752044678
2023-12-15,469.33,41940.3,17.51,5.44,3.91,67.15,3.8,3.884999990463257
2023-12-18,471.97,42657.8,17.73,5.46,3.95,68.09,3.8,3.8480000495910645
2023-12-19,474.84,42275.99,18.09,5.43,3.93,69.36,3.8,3.8959999084472656
2023-12-20,468.26,43668.93,17.77,5.44,3.86,68.79,3.8,3.9014999866485596
2023-12-21,472.7,43861.8,17.97,5.42,3.89,69.03,3.8,3.9084999561309814
2023-12-22,473.65,43969.04,18.16,5.44,3.90,68.69,3.8,3.8954999446868896
2023-12-26,475.65,42508.93,18.17,5.45,3.89,70.21,3.8,3.8954999446868896
2023-12-27,476.51,43428.85,18.47,5.44,3.79,68.92,3.8,3.94350004196167
2023-12-28,476.69,42563.76,18.09,5.45,3.84,67.18,3.8,3.9130001068115234
2023-12-29,475.31,42066.95,18.09,5.40,3.88,66.65,3.8,3.880500078201294
2024-01-02,472.65,44946.91,17.88,5.46,3.95,65.77,3.7,3.86899995803833
2024-01-03,468.79,42845.23,17.33,5.48,3.91,68.19,3.7,3.8475000858306885
2024-01-04,467.28,44151.1,17.35,5.48,3.99,67.57,3.7,3.8310000896453857
2024-01-05,467.92,44145.11,17.49,5.47,4.05,69.03,3.7,3.7945001125335693
2024-01-08,474.6,46951.04,17.69,5.49,4.01,66.4,3.7,3.799499988555908
2024-01-09,473.88,46110.0,17.4,5.47,4.02,67.39,3.7,3.748500108718872
2024-01-10,476.56,46653.99,17.34,5.46,4.04,66.56,3.7,3.7809998989105225
2024-01-11,476.35,46339.16,17.15,5.46,3.98,67.65,3.7,3.7764999866485596
2024-01-12,476.68,42782.73,17.64,5.45,3.96,68.02,3.7,3.740000009536743
2024-01-16,474.93,43137.95,15.96,5.45,4.07,67.25,3.7,3.7664999961853027
2024-01-17,472.29,42776.1,15.56,5.47,4.10,67.94,3.7,3.7325000762939453
2024-01-18,476.49,41327.5,15.53,5.45,4.14,69.06,3.7,3.744999885559082
2024-01-19,482.43,41659.03,15.61,5.45,4.15,68.82,3.7,3.7869999408721924
2024-01-22,483.45,39568.02,15.59,5.46,4.11,69.69,3.7,3.7639999389648438
2024-01-23,484.86,39897.6,15.99,5.45,4.14,69.66,3.7,3.7904999256134033
2024-01-24,485.39,40084.88,15.53,5.44,4.18,70.54,3.7,3.882499933242798
2024-01-25,488.03,39961.09,15.59,5.44,4.14,72.23,3.7,3.865499973297119
2024-01-26,487.41,41823.51,15.53,5.44,4.15,73.1,3.7,3.8505001068115234
2024-01-29,491.27,43302.7,15.7,5.42,4.08,72.05,3.7,3.872999906539917
2024-01-30,490.89,42941.1,15.68,5.42,4.06,72.81,3.7,3.9065001010894775
2024-01-31,482.88,42580.0,15.6,5.42,3.99,70.92,3.7,3.9024999141693115
2024-02-01,489.2,43082.94,15.89,5.42,3.87,69.07,3.9,3.8524999618530273
2024-02-02,494.35,43200.0,15.41,5.43,4.03,67.51,3.9,3.821500062942505
2024-02-05,492.55,42708.7,15.17,5.42,4.17,68.18,3.9,3.7720000743865967
2024-02-06,493.98,43098.95,15.03,5.44,4.09,68.81,3.9,3.7825000286102295
2024-02-07,498.1,44349.6,14.93,5.43,4.09,69.42,3.9,3.737499952316284
2024-02-08,498.32,45288.65,14.82,5.44,4.15,71.52,3.9,3.7054998874664307
2024-02-09,501.2,47132.77,14.67,5.44,4.17,71.67,3.9,3.686000108718872
2024-02-12,500.98,49917.27,14.73,5.43,4.17,72.11,3.9,3.7284998893737793
2024-02-13,494.08,49699.59,14.15,5.45,4.31,72.65,3.9,3.7139999866485596
2024-02-14,498.57,51795.17,14.06,5.43,4.27,71.55,3.9,3.700500011444092
2024-02-15,502.01,51880.0,14.6,5.43,4.24,72.84,3.9,3.756500005722046
2024-02-16,499.51,52124.11,14.65,5.44,4.3,73.41,3.9,3.8380000591278076
2024-02-20,496.76,52258.82,14.73,5.44,4.27,72.42,3.9,3.866499900817871
2024-02-21,497.21,51849.39,14.75,5.44,4.32,73.2,3.9,3.874500036239624
2024-02-22,507.5,51288.42,14.39,5.45,4.33,73.6,3.9,3.8975000381469727
2024-02-23,507.85,50744.15,14.74,5.46,4.26,71.92,3.9,3.881999969482422
2024-02-26,505.99,54476.47,14.65,5.47,4.28,72.79,3.9,3.8239998817443848
2024-02-27,506.93,57037.34,14.51,5.45,4.31,73.85,3.9,3.8310000896453857
2024-02-28,506.26,62432.1,14.33,5.45,4.27,73.62,3.9,3.827500104904175
2024-02-29,508.08,61130.98,14.66,5.45,4.25,73.36,3.9,3.8345000743865967
2024-03-01,512.85,62387.9,14.94,5.42,4.19,74.96,3.9,3.8550000190734863
2024-03-04,512.3,68245.71,15.46,5.48,4.22,74.01,3.9,3.8519999980926514
2024-03-05,507.18,63724.01,15.53,5.47,4.13,73.45,3.9,3.8440001010894775
2024-03-06,509.75,66074.04,15.71,5.47,4.11,74.34,3.9,3.870500087738037
2024-03-07,514.81,66823.17,15.9,5.47,4.09,74.23,3.9,3.9195001125335693
2024-03-08,511.72,68124.19,15.76,5.46,4.09,73.36,3.9,3.884999990463257
2024-03-11,511.28,72078.1,15.87,5.48,4.1,73.62,3.9,3.922499895095825
2024-03-12,516.78,71452.01,15.64,5.48,4.16,73.35,3.9,3.924999952316284
2024-03-13,515.97,73072.41,15.98,5.48,4.19,75.09,3.9,4.052499771118164
2024-03-14,514.95,71388.94,15.76,5.48,4.29,76.3,3.9,4.0370001792907715
2024-03-15,509.83,69499.85,15.76,5.48,4.31,76.33,3.9,4.112500190734863
2024-03-18,512.86,67609.99,15.63,5.48,4.34,77.98,3.9,4.114500045776367
2024-03-19,515.71,61937.4,15.25,5.48,4.3,78.43,3.9,4.058499813079834
2024-03-20,520.48,67840.51,15.68,5.47,4.27,77.25,3.9,4.03849983215332
2024-03-21,522.2,65501.27,15.81,5.48,4.27,76.82,3.9,4.046500205993652
2024-03-22,521.21,63796.64,15.52,5.46,4.22,76.68,3.9,3.996000051498413
2024-03-25,519.77,69880.01,15.57,5.46,4.25,77.76,3.9,4.006999969482422
2024-03-26,518.81,69988.0,15.52,5.46,4.24,77.29,3.9,3.996000051498413
2024-03-27,523.17,69469.99,16.21,5.45,4.2,77.51,3.9,3.992500066757202
2024-03-28,523.07,70780.6,16.64,5.46,4.2,78.73,3.9,4.003499984741211
2024-04-01,522.16,69649.8,16.86,5.44,4.33,79.67,3.9,4.046000003814697
2024-04-02,518.84,65463.99,17.18,5.42,4.36,80.79,3.9,4.070000171661377
2024-04-03,519.41,65963.28,17.42,5.42,4.36,81.25,3.9,4.192999839782715
2024-04-04,513.07,68487.79,17.39,5.41,4.31,82.27,3.9,4.246500015258789
2024-04-05,518.43,67820.62,17.86,5.43,4.39,82.4,3.9,4.239500045776367
2024-04-08,518.72,71620.0,17.7,5.43,4.42,82.2,3.9,4.2769999504089355
2024-04-09,519.32,69146.0,18.01,5.43,4.36,81.15,3.9,4.285999774932861
2024-04-10,514.12,70631.08,17.9,5.45,4.55,82.09,3.9,4.2820000648498535
2024-04-11,518.0,70006.23,18.04,5.45,4.56,81.55,3.9,4.251999855041504
2024-04-12,510.85,67116.52,17.86,5.45,4.5,81.53,3.9,4.257500171661377
2024-04-15,504.45,63419.99,17.37,5.45,4.63,81.65,3.9,4.379000186920166
2024-04-16,503.53,63793.39,16.48,5.45,4.67,81.33,3.9,4.305500030517578
2024-04-17,500.55,61277.37,16.7,5.45,4.59,78.91,3.9,4.34250020980835
2024-04-18,499.52,63470.08,16.98,5.46,4.64,78.78,3.9,4.440499782562256
2024-04-19,495.16,63818.01,17.1,5.45,4.62,78.85,3.9,4.501999855041504
2024-04-22,499.72,66819.32,16.42,5.42,4.62,78.78,3.9,4.500500202178955
2024-04-23,505.65,66414.0,16.69,5.45,4.61,79.98,3.9,4.490499973297119
2024-04-24,505.41,64289.59,16.52,5.46,4.65,79.64,3.9,4.4670000076293945
2024-04-25,503.49,64498.34,17.08,5.47,4.7,80.44,3.9,4.570499897003174
2024-04-26,508.26,63770.01,17.09,5.46,4.67,80.39,3.9,4.568999767303467
2024-04-29,510.06,63866.0,17.32,5.45,4.63,79.5,3.9,4.658999919891357
2024-04-30,501.98,60672.0,16.64,5.46,4.69,78.38,3.9,4.564499855041504
2024-05-01,500.35,58364.97,16.36,5.46,4.63,75.93,4.0,4.552499771118164
2024-05-02,505.03,59060.61,16.55,5.46,4.58,75.93,4.0,4.49399995803833
2024-05-03,511.29,62882.01,16.46,5.45,4.5,75.13,4.0,4.573500156402588
2024-05-06,516.57,63165.19,16.67,5.45,4.49,75.66,4.0,4.634500026702881
2024-05-07,517.14,62312.08,16.74,5.45,4.47,75.5,4.0,4.625500202178955
2024-05-08,517.19,61193.03,16.72,5.45,4.48,76.11,4.0,4.561999797821045
2024-05-09,520.17,63074.01,17.03,5.46,4.45,76.52,4.0,4.607500076293945
2024-05-10,520.84,60799.99,16.93,5.47,4.5,75.3,4.0,4.69350004196167
2024-05-13,520.91,62940.08,16.94,5.45,4.48,76.13,4.0,4.804500102996826
2024-05-14,523.3,61577.49,17.15,5.44,4.45,75.21,4.0,4.953499794006348
2024-05-15,529.78,66206.5,17.42,5.45,4.36,75.88,4.0,4.9695000648498535
2024-05-16,528.69,65235.21,17.52,5.45,4.38,76.25,4.0,4.892000198364258
2024-05-17,529.45,67024.0,17.89,5.46,4.42,76.97,4.0,5.057000160217285
2024-05-20,530.06,71446.62,17.92,5.45,4.44,76.73,4.0,5.087500095367432
2024-05-21,531.36,70148.34,17.8,5.45,4.41,76.16,4.0,5.11899995803833
2024-05-22,529.83,69166.62,17.29,5.45,4.43,74.87,4.0,4.867499828338623
2024-05-23,525.96,67969.65,16.94,5.46,4.47,74.45,4.0,4.816500186920166
2024-05-24,529.44,68549.99,17.02,5.46,4.46,75.35,4.0,4.778500080108643
2024-05-28,529.81,68398.39,17.44,5.46,4.54,77.66,4.0,4.875500202178955
2024-05-29,526.1,67652.42,16.92,5.46,4.61,76.57,4.0,4.805500030517578
2024-05-30,522.61,68352.17,17.11,5.46,4.55,75.53,4.0,4.671999931335449
2024-05-31,527.37,67540.01,17.09,5.46,4.51,74.82,4.0,4.610000133514404
2024-06-03,527.8,68809.9,17.42,5.52,4.41,71.83,4.1,4.677000045776367
2024-06-04,528.39,70537.84,16.49,5.52,4.33,71.09,4.1,4.547999858856201
2024-06-05,534.67,71108.0,16.7,5.51,4.29,71.89,4.1,4.619500160217285
2024-06-06,534.66,70799.06,17.32,5.51,4.28,73.26,4.1,4.690999984741211
2024-06-07,534.01,69355.6,16.15,5.52,4.43,73.02,4.1,4.494500160217285
2024-06-10,535.66,69540.0,16.45,5.52,4.47,75.46,4.1,4.55649995803833
2024-06-11,536.95,67314.24,16.18,5.52,4.39,75.51,4.1,4.5229997634887695
2024-06-12,541.36,68263.99,16.4,5.51,4.31,75.98,4.1,4.581500053405762
2024-06-13,542.45,66773.01,16.07,5.51,4.24,75.74,4.1,4.507500171661377
2024-06-14,542.78,66043.99,16.03,5.51,4.2,76.08,4.1,4.551000118255615
2024-06-17,547.1,66504.33,16.14,5.52,4.28,77.79,4.1,4.521500110626221
2024-06-18,548.49,65175.32,16.41,5.5,4.22,78.67,4.1,4.561999797821045
2024-06-20,547.0,64869.99,16.96,5.5,4.25,79.41,4.1,4.618000030517578
2024-06-21,544.51,64143.56,16.56,5.49,4.25,78.65,4.1,4.49399995803833
2024-06-24,542.74,60293.3,16.72,5.5,4.25,79.7,4.1,4.5269999504089355
2024-06-25,544.83,61806.01,16.59,5.49,4.23,78.9,4.1,4.38100004196167
2024-06-26,545.51,60864.99,16.8,5.5,4.32,78.75,4.1,4.367499828338623
2024-06-27,546.37,61706.47,16.84,5.49,4.29,79.92,4.1,4.328499794006348
2024-06-28,544.22,60427.84,16.68,5.48,4.36,79.59,4.1,4.390500068664551
2024-07-01,545.34,62899.99,16.56,5.47,4.48,81.54,4.2,4.426499843597412
2024-07-02,549.01,62135.47,16.62,5.47,4.43,81.11,4.2,4.429500102996826
2024-07-03,551.46,60208.58,17.3,5.47,4.36,81.27,4.2,4.540999889373779
2024-07-05,554.64,56628.79,17.44,5.46,4.28,81.31,4.2,4.6585001945495605
2024-07-08,555.28,56714.62,17.38,5.46,4.28,80.42,4.2,4.622000217437744
2024-07-09,555.82,58050.0,17.44,5.46,4.3,79.77,4.2,4.578000068664551
2024-07-10,561.32,57725.85,17.78,5.46,4.28,80.48,4.2,4.607500076293945
2024-07-11,556.48,57339.89,18.13,5.44,4.2,80.94,4.2,4.508500099182129
2024-07-12,559.99,57889.1,18.52,5.43,4.18,80.25,4.2,4.598499774932861
2024-07-15,561.53,64724.14,18.36,5.43,4.23,80.12,4.2,4.5289998054504395
2024-07-16,564.86,65043.99,19.25,5.43,4.17,79.06,4.2,4.443999767303467
2024-07-17,556.94,64087.99,18.88,5.43,4.16,80.62,4.2,4.39900016784668
2024-07-18,552.66,63987.92,18.54,5.43,4.2,79.9,4.2,4.265999794006348
2024-07-19,548.99,66660.0,18.39,5.43,4.25,78.0,4.2,4.218999862670898
2024-07-22,554.65,67532.01,18.36,5.43,4.26,77.62,4.2,4.180500030517578
2024-07-23,553.78,65936.01,18.57,5.41,4.25,76.62,4.2,4.145999908447266
2024-07-24,541.23,65376.0,18.46,5.4,4.28,76.81,4.2,4.098999977111816
2024-07-25,538.41,65799.95,17.72,5.39,4.27,77.46,4.2,4.112500190734863
2024-07-26,544.44,67907.99,17.79,5.38,4.2,76.11,4.2,4.104499816894531
2024-07-29,544.76,66784.69,17.97,5.41,4.17,75.19,4.2,4.061999797821045
2024-07-30,542.0,66188.0,18.14,5.4,4.15,74.46,4.2,4.063000202178955
2024-07-31,550.81,64628.0,18.51,5.41,4.09,77.74,4.2,4.159999847412109
2024-08-01,543.01,65354.02,18.24,5.37,3.99,76.29,4.2,4.066500186920166
2024-08-02,532.9,61498.33,17.91,5.29,3.8,73.39,4.2,4.084000110626221
2024-08-05,517.38,54018.81,17.18,5.35,3.78,73.22,4.2,3.9839999675750732
2024-08-06,522.15,56022.01,17.39,5.34,3.9,72.45,4.2,4.011499881744385
2024-08-07,518.66,55134.16,16.81,5.34,3.96,74.69,4.2,3.9375
2024-08-08,530.65,61685.99,17.34,5.34,3.99,75.36,4.2,3.944999933242798
2024-08-09,532.99,60837.99,17.41,5.33,3.94,76.22,4.2,3.9800000190734863
2024-08-12,533.27,59346.64,18.99,5.33,3.9,78.63,4.2,4.054999828338623
2024-08-13,542.04,60587.15,19.13,5.32,3.85,77.64,4.2,4.035999774932861
2024-08-14,543.75,58683.39,19.16,5.32,3.83,76.59,4.2,4.025000095367432
2024-08-15,553.07,57541.06,19.05,5.34,3.92,77.41,4.2,4.138999938964844
2024-08-16,554.31,58874.6,19.71,5.33,3.89,76.32,4.2,4.127500057220459
2024-08-19,559.61,59438.5,20.21,5.31,3.86,74.38,4.2,4.166500091552734
2024-08-20,558.7,59013.8,20.41,5.29,3.82,73.83,4.2,4.149499893188477
2024-08-21,560.62,61156.03,20.62,5.26,3.79,72.6,4.2,4.18149995803833
2024-08-22,556.22,60375.84,20.24,5.28,3.86,73.58,4.2,4.140999794006348
2024-08-23,562.13,64037.24,20.5,5.25,3.81,75.55,4.2,4.194499969482422
2024-08-26,560.79,62834.0,20.47,5.24,3.82,77.83,4.2,4.21150016784668
2024-08-27,561.56,59415.0,20.45,5.23,3.83,76.49,4.2,4.230500221252441
2024-08-28,558.3,59034.9,19.95,5.21,3.84,75.48,4.2,4.144999980926514
2024-08-29,558.35,59359.01,20.32,5.22,3.87,76.77,4.2,4.147500038146973
2024-08-30,563.68,59123.99,20.19,5.21,3.91,74.34,4.2,4.144999980926514
2024-09-03,552.08,57487.73,19.6,5.19,3.84,71.09,4.1,4.0320000648498535
2024-09-04,550.95,57970.9,19.32,5.18,3.77,69.61,4.1,4.019499778747559
2024-09-05,549.61,56180.0,19.46,5.15,3.73,69.89,4.1,4.077499866485596
2024-09-06,540.36,53962.97,19.0,5.13,3.72,68.93,4.1,4.014500141143799
2024-09-09,546.41,57042.0,19.28,5.11,3.7,69.27,4.1,4.084499835968018
2024-09-10,548.79,57635.99,19.6,5.06,3.65,66.96,4.1,4.040500164031982
2024-09-11,554.42,57338.0,19.76,5.1,3.65,67.85,4.1,4.083000183105469
2024-09-12,559.09,58132.32,20.58,5.06,3.68,69.89,4.1,4.132999897003174
2024-09-13,562.01,60498.0,20.84,4.97,3.66,69.84,4.1,4.175000190734863
2024-09-16,562.84,58213.99,20.52,4.96,3.63,70.88,4.1,4.2129998207092285
2024-09-17,563.07,60313.99,20.48,4.95,3.65,71.72,4.1,4.213500022888184
2024-09-18,561.4,61759.99,20.06,4.84,3.7,70.66,4.1,4.23799991607666
2024-09-19,570.98,62947.99,20.23,4.8,3.73,72.75,4.1,4.285999774932861
2024-09-20,568.25,63201.05,20.38,4.75,3.73,72.92,4.1,4.281499862670898
2024-09-23,569.67,63339.99,20.21,4.72,3.75,72.25,4.1,4.289000034332275
2024-09-24,571.3,64262.7,20.43,4.69,3.74,73.29,4.1,4.429500102996826
2024-09-25,570.04,63152.01,20.7,4.69,3.79,71.48,4.1,4.427999973297119
2024-09-26,572.3,65173.99,21.01,4.68,3.79,69.01,4.1,4.580999851226807
2024-09-27,571.47,65769.95,20.23,4.68,3.75,70.27,4.1,4.540999889373779
